epoch,accuracy,loss,lr,val_accuracy,val_loss
0,0.004140127450227737,5.616660118103027,0.001,0.0012722646351903677,5.450014114379883
